"SR NO",Date,Type,"Amount (In Rs.)",Description,"Dr. (In Rs.)","Cr. (In Rs.)"
1,2025-08-24,Expense,7000.00,"kharchi (Atahar@Master)",7000.00,0.00
2,2025-08-16,Expense,6000.00,"kharchi (Atahar@Master)",6000.00,0.00
3,2025-08-08,Expense,49930.00,"AB8615, AB8591, AB8801, AB8798, AB8582, AB8548, AB8497, AB8531, AB8577, AB8529, AB8532, AB8542, AB8747, AB8788, AB8739, AB8679, AB8566, AB8639, AB8546, AB8665, AB8813, AB8621, AB8779, AB8633, AB8701, AB8589, AB8822, AB8784, AB8699, AB8361, AB8698, AB8787, AB8738, AB8641, AB8597, AB8814, AB8473, AB8555, AB8510, AB8544, AB8604, AB8568, AB8774, AB8816, AB8756, AB8754, AB8765, AB8562, AB8824, AB8775, AB8541, AB8839, AB8467, AB8659, AB8668, AB8650, AB8901, AB8572, AB8634, AB8620, AB8590, AB8771, AB8623, AB8777, AB8669, AB8644, AB8610, AB8891, AB8766, AB8666, AB8624, AB8850, AB8622, AB8547, AB8700, AB8637, AB8683, AB8647, AB8895, AB8755, AB8638, AB8905, AB8819, AB8598, AB8651, AB8887, AB8685, AB8627, AB8412, AB8648, AB8663, AB8776, AB8688, AB8810, AB8592, AB8672, AB8764, AB8833, AB8697, AB8836, AB8848, AB8671, AB8809, AB8675, AB8786, AB8656, AB8619, AB8829, AB8658, AB8741, AB8715, AB8626, AB8717, AB8718, AB8680, AB8713, AB8861, AB8575, AB8652, AB8870, AB8657, AB8682, AB8807, AB8875, AB8719, AB8678, AB8772, AB8770, AB8662, AB8773, AB8752, AB8716, AB8767, AB8830, AB8899, AB8794, AB8888, AB8820, AB8835, AB8817, AB8834, AB8853, AB8811, AB8670, AB8871, AB8815, AB8826, AB8897, AB8684, AB8797, AB8831, AB8898, AB8768, AB8868, AB8890, AB8758, AB8873, AB8800, AB8864, AB8842, AB8847, AB8894, AB8854, AB8763, AB8872, AB8860, AB8846, AB8841, AB8862, AB8827, AB8795, AB8843, AB8840, AB8892, AB8896, AB8785, AB8790, AB8912, AB8903, AB8961, AB8955, AB8783, AB8902, AB8856, AB8845, AB8791, AB8952, AB9068, AB8805, AB8792, AB8904, AB9055, AB9053, AB9087, AB2, AB9086, AB9094, AB9036, AB9130, AB9076, AB9054, AB9066, AB9049, AB9048, AB9088, AB9061, AB9114, AB9084, AB9109, AB9016, AB9091, AB9101, AB9060, AB9064, AB9035, AB9100, AB9093, AB9116, AB9085, AB9078, AB8922, AB9065, AB9115, AB9063, AB9125, AB9102, AB9083, AB9071, AB8985, AB9007, AB9072, AB9128, AB9089, AB9126, AB9117, AB9059, AB9154, AB9106, AB9136, AB9090, AB9104, AB9095, AB9124, AB9123, AB9074, AB9062, AB9163, AB9075, AB9111, AB9077, AB9081, AB9105, AB9079, AB9082, AB9069, AB9137, AB9092, AB9050, AB9070, AB8982, AB9098, AB9107, AB9080, AB9177, AB9108, AB9113, AB9173, AB9112, AB9153, AB9141, AB9119, AB9134, AB9127, AB9133, AB9155, AB9103, AB9121, AB9149, AB9138, AB9161, AB9165, AB9122, AB9096, AB9073, AB9157, AB9143, AB9152, AB9178, AB9179, AB9110, AB8284, AB9197, AB9120, AB9198, AB9172, AB9164, AB9099, AB9067 August 2025 Salary (Atahar@Master)",49930.00,0.00
4,2025-07-15,Expense,3000.00,"kharchi (Atahar@Master)",3000.00,0.00
5,2025-05-22,Expense,9160.00,"AB8478, AB8476, AB8289, AB8322, AB8348, AB8469, AB8606, AB8470, AB8574, AB8415, AB8599, AB8349, AB8595, AB8537, AB8636, AB8584, AB8602, AB8511, AB8618, AB8307, AB8557, AB8293, AB8297, AB8372, AB8600, AB8418, AB8629, AB8625, AB8635, AB8315, AB8446, AB8444, AB8617, AB8316, AB8677, AB8628, AB8466, AB8613, AB8481, AB8653, AB8534, AB8667, AB8676, AB8673, AB8312, AB8643, AB8581, AB8407, AB8441, AB8487, AB8579, AB8522, AB8690, AB8585, AB8612, AB8462, AB8521, AB8539, AB8535, AB8509, AB8607, AB8654, AB8496, AB8769, AB8702, AB8400, AB8580, AB8527, AB8502, AB8536, AB8533, AB8649, AB8681, AB8565, AB8483, AB8686 (Atahar@Master)",9160.00,0.00
6,2025-05-09,Expense,10200.00,"8562 Shop  8295 8566 8558 8559 8568 8554 8582 = total 3pce bill pe 8576 8577 8584 8574 8580 8570 8583 8585 8581 8569 8579 8586 8572 8571 8587 8591 8588 8592 8589 8590 10944 - offline bill  8599 8597 8605 8602 8604 8601 8594 8598 8596 8593 8600 8608 8607 8606 8515 R 8612 8616 8610 8618 8613 8611 8445 8415 R 8620 8442 8436 8622 8625 8624 8623 8627 8626 8617 8619 8621 8629  Total pce 68 (Atahar@Master)",10200.00,0.00
7,2025-05-01,Expense,12000.00,"[2:23 pm, 29/4/2025] Alamin Jio: 8477 8476 8495 8478 8494 8475 8491 8501 8502 8492 8481 8498 8487 8391 8505 8473 8489 8218 8467 8466 8508 8503 8504 8486 8474 8461 8460 8499 8500 8511 8509 8483 8497 8462 8496 8034 R 8295 8518 8514 8516 8515 8528 8529 8524 8527 8304 8526 8517 8520 8512 8521 8507 8523 8525 8510 8530 8534 8471 8446 8533 8532 8531 8535 8536 8100 R 8548 8502 8542 8539 8541 8544 8546 8540 8537 8547 8550 8551 8557 8564 8555 Total pis 80 [2:23 pm, 29/4/2025] Alamin Jio: atahar master 12000 (Athar Master)",12000.00,0.00
8,2025-04-27,Expense,15000.00,"8361 8337 8355 8339 8345 8356 8347 7615 8327 8314 8394 8393 8370 8276 8321 8299 8283 8317 8397 8359 8360 8390 8364 8292 8285 8414 8365 8324 8369 8192 R 8394 8154 8372 8349 8368 8323 8293 Shop  8353 R 10910 8422 8406 8395 8416 8379 8408 8400 8398 8381 8389 8376 8362 8418 8423 8420 10928 8411 8415 8426 8378 8377 8403 8410 8407 8306 8296 8427 8417 8419 8384 8380 8402 8387 8388 8273 7893 R  Waqas 8209 8274 8428 8401 8450 8449 8438 8439 8437 8441 8454 8222 8456 8469 8433 8470 8440 8322 Shop Shop 8485 10927 8488 Total  100 Pis   athar husain 15000 (Athar Master)",15000.00,0.00
9,2025-04-15,Expense,18900.00,"8215 8238 8202 8232 8205 8213 8210 8234 8243 8244 8216 8211 8217 8233 8221 8214 8235 8208 8223 8200 7733 R 8208 8271 8251 8256 8261 8263 8259 8252 8258 8262 8264 8253 8270 8254 8250 8265 8142 8226 8220 8272 8255 8180 8236 8242 8199 8222 8245 8183 8228 8219 8206 8297 8181 8303 8201 8204 8246 8328 8329 8331 8332 8330 8335 8337 8242 8269 8247 8327 8182 8350 8367 8366 8354 8348 8336 8338 8257 8358 8341 8342 8353 8344 8333 8340 8248 10924 10922 10923 8153 8157 8159 8155 8156 8151 8160 8175 8164 8165 8160 8184 8179 8168 8169 8167 8163 7944 R 8178 8178 8178 8166 8191 8198 8193 8194 8197 8192 8196 8171 8162 8172 8173 8174 8176 8190 8161 total 126 (Athar Master)",18900.00,0.00
10,2025-03-31,Expense,2000.00,"Eidi (Athar Master)",2000.00,0.00
11,2025-03-30,Expense,10500.00,"17.3.2025 7663.R 7961 7987 8003 7995 7990 7984 7992 7985 7999 7997 7991 8002 7988 8008 8006 8000 10912 8024 8016 8025 8026 8011 8013 8014 8015 8029 8018 8023 8036 8021 8028 8022 8017 8009 8010 Shop 8049 8030 8050 8056 8039 8058 8057 8042 8033 8045 8052 8066 8062 8073 8075 8077 8067 8068 8054 8064 8052 8031 8070 8066 8040 8044 8063 8060 8035 8032 8051 8046 8043 Total  70pis10500 (Athar Master)",10500.00,0.00
12,2025-04-01,Expense,9900.00,"[11:44 pm, 30/3/2025] Alamin Jio: 8090 8074 8053 8088 8102 8078 8101 8034 8059 8076 8098 8047 8079 8111 1092 10919 10917 10918 8048 8100 7475  R 7895 R 8087 8103 7481 8113 8058 8112 8114 8115 8116 8082 8092 8105 8122 8117 8099 8106 8097 8084 8085 8120 8066 R 8125 8133 8134 8121 8128 8130 8135 7947 Shop 8138 8137 8139 8143 8140 8065 8041 8147 8080 8145 7901 R 8148 8150 8146  Total 66  pis hai [11:44 pm, 30/3/2025] Alamin Jio: atahar master 9900 (Athar Master)",9900.00,0.00
13,2025-03-26,Expense,9450.00,"7647 7940 7940 7940 7940 9920 7930 7928 7923 7935 7699  R 7921 10906 7929 7925 7931 7927 7922 7924 7919 7926 7932 7934 7314 7731.R 7938 7936 7941 7946 7942 7951 Shop rajo 7944 7933 7937 7952 7955 7957 7949 7960 7956 7948 7954 7953 7971 7964 7962 7959 7958 7963 7667.R 7978 7979 7976 7973 7967 7966 7965 7980 7476 7970 7974 7977 TOTAL 63 (Athar Master)",9450.00,0.00
14,2025-03-17,Expense,4950.00,"atahar master (Athar Master)",4950.00,0.00
15,2025-03-10,Expense,22050.00,"7690 7684 7681 7670 7677 7692 7689 7676 7687 7680 7671 7666 7578 7668 7694 7667 7669 7674 7678 7686 7688 7664 7673 7679 7693 Shop i Shop i 7707 7701 7695 7706 7711 7714 7702 7697 7710 7712 7715 7698 7709 7708 7699 7696 7736 7732 7735 7728 7734 7726 7742 7721 7720 7746 7747 7743 7739 7723 7744 7744 7741 7722 7748 7725 7729 7727 7737 7751 7724 7731 7745 7772 7757 7768 7750 7777 7755 7667 7431 R 7429 R 7767 7775 7700 7776 7650 7794 7787 7367 R 7784 7798 7791 7774 7796 7733 7702 7771 7769 7738 Shop abbas 7826 7808 7773 7761 7807 7809 10986 R 7820 7821 7789 7813 7811 7803 7802 7817 10901 7804 7812 7815 7819 7814 7822 7829 7843 7850 7833 7853 7847 7844 7851 7830 7845 7832 7838 7834 7862 7863 7836 7860 7824 7839 7835 10902 10904 10903 7869 7878 7890 7874 total 147 piece (Athar Master)",22050.00,0.00
16,2025-02-27,Expense,10050.00,"7299 9958 9961 9965 7563 7565 7543 7568 7553 7538 7567 7626 7583 7511 7600 7586 7616 7602 7512 7576 7545 7574 7599 7571 7610 793 7582 7629 7594 7617 7589 7612 7609 7605 7570 7588 7620 7679 7620 7679 7628 7572 7630 7577 7575 7650 7640 1099 7400r 7498r 7513r 7619 7580 7587 7604 7601 7614 7405 7573 7651 7646 7645 7639 7613 7644 7631 7636 9969 7543r (Athar Master)",10050.00,0.00
17,2025-02-11,Expense,10500.00,"7473 7469 7483 7484 7485 7474 7480 7479 7481 7487 7496 7482 7467 7497 Shop  7494 7495 7493 7410 7508 7533 7531 7527 7522 7501 7516 7500 7515 7514 7578 7513 7506 7503 7521 7519 7221 7499 7509 7536 7528 7505 7520 7525  7529 7530 7535 7541 7556 10991 7547 7539 10995 10994 7554  7558 7561 10993 7552 10996 7540 7210 7546 10992 Shop Shop Shop 7562 7555 7542 7560 70 PIECE (Athar Master)",10500.00,0.00
18,2025-01-25,Expense,12300.00,"7327 7309 7329 7292 7322 Shop 7328 7324 7312 7305 7235 7340 7268 7361 7347 7360 7281 7353 7355 7333 7201r Shop 7342 7357 7313 7338 7341 7337 7335 7359 7362 7348 7345 7356 7343 7334 7351 7367 2 pis 7363 7263 7279 Shop Shop 7176 7385 7379 7380 7368 7376 7250 7321 7316 2 pis 7346 7372 7377 7364 7378 7366 7237 7262 7277 10976 7397 7298 7391 7395 7399 7396 7400 7383 7384 7381 7369 7386 7206 7375 7382 7365 7398 7394 total 82 piece (Athar Master)",12300.00,0.00
19,2025-01-19,Expense,22800.00,"7151 7175 7138 7111 10972 10975 10973 10974 7114 7208 7169 7212 7132 7200 7217  7266 7280 7273 7230 7286 7271  7246 7259 7231 7310 7308 6895r 7219  7275 7258 7269 7241 7261 7284 7254 7272 7256 7270  Shop 7288 7301 7330 7226 7243 7238 7251 7244 7234 7242 7247 7302 7245 7233 7267 7248 7239 7287 7253 7252 7285 7236 7052 7326 7325 7332 7264 7249 7228 7290 6586r 7331 7255 7291 7289 7296 7297 7306 7307 7178 7145 7161 7171 7152 7150 7144 7170 7142 7147 7148 7211 7159 7167 7174 7108 7164 7158 7180 7173 7155 10960 10969 10961 10958 7205 7222 7224 7210 7187 7215 7182 7220 7199 7190 7207 7154 7223 7107 7125 7184 7186 7201 7185 7204 7181 7152 7160 6956 10963 7203 7195 7213 7191 7183 10964 7218 7166 7189 7162 7194 7096 7219 7149 7163 7140 7216 10967 10970 10968 10969 10971 total 152 pcs 22800 clear (Athar Master)",22800.00,0.00
20,2025-01-10,Expense,9500.00,"7091 7104 7085 7101 7090 7072 7086 7082 7100 7071 7054 7098 7095 7074 10954 7028 7032 7085 7085 7063 7071 7091 6951r 6908 7104 7073 2 pis 11025 7110 6697 708 7075 7102 7076 7077 7078 7079 7099 2pis 7092 7080 7083 7099 7109 10957 10967 70955 7120 7129 7128 7118 7114 7127 7113 7137 7121 7131 7136 7119 7130 7112 7062 7133 7115 7139 7117 7134 7132 7157 7156 7146 70 piece 10500-1000=9500 clear (Athar Master)",9500.00,0.00
21,2025-01-04,Expense,1000.00,"kharchi (Athar Master)",1000.00,0.00
22,2024-12-31,Expense,11400.00,"6997 7006 7007 7005 6990 6985 7010 7013 7014 7012 6986 7002 6999 6988 6991 6992 7011 7017 6993 6987 6956 7009 7008 7015 6989 6996 6994 7003 7037 7024 7031 7038 7021 7039 7019 7027 7026 7030 7041 7045 7029 7034 7004 7025 7023 7016 6995 7056 6860 7061 7055 7067 7064 7063 7065 7057 7040 7036 7035 7050 7049 7069 7051 7033 7042 7032 Shop Shop Shop 6853r 7048 7053 7060 Shop  shop 6651TOTAL 76 PIECE (Athar Master)",11400.00,0.00
23,2024-12-16,Expense,12000.00,"11020 11019 6837 6823 6821 6842 6822 6829 6830 6832 6833 6834 6806 6824 6849 6816 6838 6840 6845 6843 6831 6835 6818 6826 6820 6819 6817 6812 6815 6807 6810 6808 6809 6805 6811 6657 6866 6852 6853 6863 6856 6807 6859 6865 6858 6868 6846 6841 6869 6862 6725 r 6888 6880 6887 6881 6882 6870 6861 6878 6889 6876 6879 6895 6301r 6696 6896 6883 6891 6855 6864 6875 6872 6857 6894 6892 Shop 6916 6894 6905 6903 total 80 piece 12000 clear (Athar Master)",12000.00,0.00
24,2024-12-11,Expense,9300.00,"6753 6758 6748 6762 6759 6747 6757 6754 6665 6751 6726 6743 6749 6761 6767 6683 r 5979 6768 6764 6772 6774 6771 6760 6765 6763 6766 6651 5876 6780 6776 6777 6781 6783 6785  6792 6790 6791 6784 6778 6779 6789 6787 6793 6757 6660 6659 6658 6782 6798 6795 6800 6801 6802 6803 6794 6799 6804 6796 Shop Shop Shop Shop TOTAL 62 PIECE (Athar Master)",9300.00,0.00
25,2024-12-03,Expense,7950.00,"6620 6624 6643 Shop 6675 6673 6674 6681 6684 6640 5878r 6652 6650 6621 6619 6644 6672 6668 6683 6694 6688 6695 6706 6704 6535 6697 6713 6698 6712 6687 6705 6701 6693 6689 6699 6707 6685 6700 6696 6691 6702 6710 6692 6686 2 pis 6677 6703 6690 6708 6711 6393 r  6716 6721 6715 6718 6720 6719 6337 6336 6335 6723 6622 6640 6552 6444r 6728 6733 6724 6714 6725 6729 6735 6736 6732 6737 6740 6739 6741 6742 6730 TOTAL 80 PIECE  12000-3000=9000-1050GALATCUTTING =7950 CLEAR (Athar Master)",7950.00,0.00
26,2024-12-02,Expense,3000.00,"kharchi (Athar Master)",3000.00,0.00
27,2024-11-23,Expense,11250.00,"6562 6513 6596 6495 6563 6604 6517 6607 6515 6601 6608 6616 6617 6613 6544 6588 6554 6570 6555 6568 6606 6600 6614 6571 6595 6594 6533 2 pis  6575 6532 6615 6590 6547 6605 6523 6560 6276 6625 6639 6629 6587 6585 6634 6628 6642 6627 6586 6636 6526 6635 6582 6647 9700 Shop Shop Shop Shop Shop 6630 6653 6632 6631 6591 6656 6654 6638 6655 6598 6641 6633 6630 6593 6676 3pis shimmer  76 piece  11250 (Athar Master)",11250.00,0.00
28,2024-11-18,Expense,7800.00,"6518 6428 6466 6467 6419 6520 6420 6442 6427 2 pis  6176r 6500 6519 6473 6504 6556 6542 6531 6512 6524 6540 6469 6278 6566 6492 6511 6435 6537 6548 6514 6417 6543 6451 6488 6549 6572 6527 6525 6573 6343 6522 6564 6574 6491 6487 6545 6557 6510 6490 6489 6534 11005 11006 11004 11007 6516 6483 6577 6538 6498 6294=r 5236 6589 6562 6494 6501 6503 6561 6541 6528 6579 6578 TOTAL 72 PIECE 10800-3000=7800 CLEAR (Athar Master) (Athar Master)",7800.00,0.00
29,2024-11-16,Expense,3000.00,"kharchi (Athar Master)",3000.00,0.00
30,2024-11-09,Expense,13350.00,"6227 6241 r 6245 6405 6402 6411 6406 6415 6364 6384 6354 6349 6348 6401 6376 6383 6353 6365 6404 6366 6367 6350 6338r 6100 6443 6415 6357 5443r 6290 6412 6362 6459 6482 6463 6464 6465 6434 6458 6475 6455 6481 6478 6470 6449 6474 6462 6457 6450 6454 6386 6387 6456 6507 6391 6476 6400 6461 6484 6448 6452 6439 6508 6509 6486 6407 6392 6460 6418 6425 6453 6502 6399r 6429 6438 6431 6447 6505 6499 6408 6422 6433 6437 6444 6421 6436 6446 6414 6521 6416 ( total 89 pcs ) (Athar Master)",13350.00,0.00
31,2024-11-02,Expense,9300.00,"6206 6209 6201 6203 6199 6293 6184 6271 6273 6274 6275 6260 6259 2 pis 6262 6265 6267 6218 6190 6193 6240 6291 6300 6286 6298. 2pis 6363 6174 6285 6368 6380 6373 6378 6377 6372 6371 6389 6375 6269 6328 6314 6305 6302 6322 6329 6311 6331 6304 6370 6282 6379 6301 6268 6394 6324 6399 6327 6342 6342 6357 6347 6470 62 PIES 9300 CLEAR (Athar Master)",9300.00,0.00
32,2024-10-28,Expense,14250.00,"6070 6030 6027 6122 6078 6130 6297 6132 6103 6142 6141 6140 6080 6272 6303 6128 2 pis 6146 6171 6167 5935 6168 6131 6296 6097 6295 6134 6095 6093 6135 6136 6144 6264 6283 6249 6154 6236 6237 6152 6318 6310 6157 6155 6156 6153 6187 6261 6279 6278 6239 6250 6112 6181 6264 6312 6315 6170 6213 6212 6317 6191 6130r  6172 6338 6339 6085 6219 6252 6220 6289 6244 6200 6234 6228 6225 6216 6217 6207 6208 6294 6258 6251 6299 6293 6233 6254 6257 6256 6263 6266 6330 6332 6255 6207 6359 total 90 piece total 14250  clear (Athar Master)",14250.00,0.00
33,2024-10-20,Expense,6300.00,"6094 6065 6165 6007 6003 6063 5995 6011 6013 5900 6090 6238 6105 6073 6059 6071 5970 6099 5901 5899 6024 6028 6062 6061 6060 6051 6032 6031 6079 6150 6151 6158 6138 6163 6077 6124 6068 6120 6074 6114 6284  6086 total 42 piece 6300 clear (Athar Master)",6300.00,0.00
34,2024-09-29,Expense,9350.00,"5871 5814 5815 5817 5822 5821 5856 5854 5853 5846 5845 5823 5825 5824 5867 5806 5843 5897 5792 5805 5872 5891 5893 5863 5866 5869 Shop 5804 5949 5979 5841 5892 5889 5958 5848 5888 5896 5838 5930 5990 5989 5978 5898 5934 5923 5924 5925 6004 5939 5943 5917 5919 5937 5935 5877 5868 5870 5885 5884 5883 5931 9998 6012 5949 5997 6009 5956 5959 5918 5954 6006 5977 5988 5946 5950 5951 6016 6015 6014 5018 total 81 piece 12150 12 pies sada shop 100x12 =1200+12150=13350 -9350 bla4000 (Athar Master) (Athar Master)",9350.00,0.00
35,2024-09-23,Expense,9000.00,"[20:24, 23/9/2024] Abbas Ali: 5626 5628 r 5612r 5778 5803 5801 5797 5796 5798 5833 5773 5772 5790 5802 5809 5811 5810 5776 5819 5818 5820 5828 5831 5779 5781 5895 5836 5838 5813 Shop 5840 5890 5839 5907 5882 5886 5812 5850 5791 5851 5852 5842 5841 5832 5834 5837 Shop pico 5799 5914 5864 5912 Shop 3 box pico Shop 5875 5878 5880 5887 [20:28, 23/9/2024] Abbas Ali: 5808 5827 5747 r total 60 piece 9000 clear",9000.00,0.00
36,2024-09-14,Expense,11250.00,"5752 5780 5088 5774 5725 5764 5767 5782 5777 5732 5728 5696 5724 5788 5738 5760 5763 5674 5718 5711 5713 5751 5676 5734 5733 5749 5736 5741 5679 5816 5743 5742 5740 5737 5721 5754 5722 5769 5753 5755 5691 5757 5849 5735 5756 5761 5765 5749 5744 5727 5750 5748 5758 5807 5795 5794 5789 5785 5787 5786 5830 5775 5783 5860 5626 5844 5858 5857 5826 5703 5770 5768 5762 5612. Shop = total 75 pcs (Athar Master)",11250.00,0.00
37,2024-09-09,Expense,10500.00,"5658 5664 5668 5659 5665 5680 5663 5673 5669 5660 5648 5556 Shop Shop 5592 5605 5667 5646 5617 5682 5683 5681 5678 5677 5675 5672 5662 5666 5613 5689 5685 5694 5697 5690 5688 5698 5692 Shop 5686 5687 5693 5645 5702 5710 5712 5714 5704 5707 5706 5709 5705 5719 5716 5729 5730 5619 5699 9977 5717 5638 5700 5701 5695 5723 5726 Shop Shop 5531 5747 5272 total 70 piece 10500 clear (Athar Master)",10500.00,0.00
38,2024-08-31,Expense,11700.00,"Shop  5507 5575 5577 5578 5579 5569 5570 5576 5571 5580 5582 5601 5603 5607 5609 5608 5610 5594 5595 5596 5591 5567 5574 5586 5587 5583 5584 5469 5563 5589 5585 5513 Shop  5624 5621 5622 5618 5629 5628 5627 5600 5632 5633 5636 5630 Shop 5464 r 5611 5553 5620 5623 5598 5599 5654 5635 5643 5656 5597 5593 5647 5644 5637 5614 5615 5625 5640 5642 5641 2 pis  5649 5653 5655 5657 5652 5651 5650 shop ( total 78 pcs ) (Athar Master)",11700.00,0.00
39,2024-08-24,Expense,8100.00,": 5541 5540 5542 5544 5519 5520 5521 5522 5526 5516 5515 5514 5512 5531 5533 5530 5535 5509 5525 5532 5534 5539 5537 9993 5408 5397 5568 5555 5554 5546 5538 5536 5566 5527 5557 5543 5493 5561 5560 5549 5588 5590 5581 5573 5565 5562 5529 5528 5547 5548 5558 5552 5551 5454  54 pis master 8100 CLEAR (Athar Master)",8100.00,0.00
40,2024-08-17,Expense,11400.00,"5434 5439 5366 5433 5428 5436 5372 Sohel Khan 5449 5448 5470 5462 5460 5450 5445 5441 5468 5469 5483 5479 5484 5476 5451 5452 5471 5473 5466 5467 5465 5442 5444 5443 5482 5453 5474 5477 5408 5429 5427 5447 5446 5458 5480 5487 2 pis 5488 5490 5491 5395 5497 5499 5461 5419 5478 5485 5481 5495 5498 5494 5496 5457 5505 5463 5464 5492 5506 5502 5456 5503 5500 5504 5300 5511 5510 5508 5523 TOTAL 76 PIECE  11400 CLEAR (Athar Master)",11400.00,0.00
41,2024-08-10,Expense,7500.00,"5402 5396 5396 5386 5385 5388 5398 5383 5381 5356 5391 5392 5190 5248 5342 5355 5403 5405 5406 5411 5400 5413 5407 5412 5410 5414 5389 5390 5415 5416 5420 5421 5424 5423 9985 9986 9988 5358 r 5426 5425 5431 5432 5430 5438 5440 5437 5404 5400 5401 TOTAL 50 PIES CLEAR (Athar Master)",7500.00,0.00
42,2024-08-06,Expense,6750.00,"5360 5313r 5299r 5190 5361 5265 5339 5340 5349 5342 5338 5362 5364 5363 5346 5347 5353 5352 5348 5333 5335 5336 4989 5341 5351 5337 5380 Shop 5393 5370 5371 5387 5358 5359 5365 5344 5369 5367 5374 5373 5354 5382 5350 5376 5368 45 piece (Athar Master)",6750.00,0.00
43,2024-07-27,Expense,5250.00,"5316 5238 5325 5326 5324 5322 5318 5320 5317 5319 5327 5328 5320 r Shop Shop Shop Shop 5329 5330 5331 5334 9974 2 pis 9971 9975 9976 9982 9978 9977 9979 9971 Shop Shop Shop 35 PIECE  5250 CLEAR (Athar Master)",5250.00,0.00
44,2024-07-20,Expense,6750.00,"5284 5283 5287 5289 5288 5285 5286 5282 5278 5279 5280 5281 Shop Shop 5296 5297 5298 5299 5292 5290 5291 5294 5295 5293 5301 5302 5303 9972 9973 5304 5305 Shop Shop Shop Shop Shop 5312 5314 5313 5311 5310 5308 5309 5306 5307 45 pies 6750 clear (Athar Master)",6750.00,0.00
45,2024-07-15,Expense,6450.00,"5170 r 4857 r 5246 5253 5244 5242 5243 5245 5251 5250 5249 5248 5247 5255 5256 5257 5259 5258 5360 5262 5267 5266 5264 5263 5268 5369 5270 5271 9969 9968 9967 9966 9965 9964 9963 9970 Shop 5273 5274 5276 5275 5277 Shop ( 43 pcs ) (Athar Master)",6450.00,0.00
46,2024-07-08,Expense,7350.00,"5206 5182 5201 5202 5197 5159 Sohel khan hand new Shop Shop Shop Shop Shop 5205 5213 5210 5208 5207 5211 9961 hand shop 2 pis 5216 5209 5189 5212 5223 Shop 5222 5220 5217 5218 5219 5215 5221 5225 5227 5228 5230 5232 5231 5233 5235 5234 5229 5224 5158 5165 r 5239 5240 5241 total 49 piece 7350 clear (Athar Master)",7350.00,0.00
47,2024-06-29,Expense,7200.00,"5158 5155 5144 5146 5147 5151 5161 5153 5152 5173 5174 5178 4801 r Shop 5175 5176 9957 shop 2 pis 5165 5170 5172 5166 5168 5171 5169 5167 5179 5180 5181 5185 5164 5186 5184 5177 9956 shop 5194 5195 5193 5196 5077 Shop Shop 5204 5183 5192 5200 5203 48 PIECE TOTAL  CLEAR (Athar Master)",7200.00,0.00
48,2024-06-22,Expense,3000.00,"5137 5136 5135 5140 5139 5142 5141 5138 5149 5154 5045 shop shop 5010 4921 5153 5148 5157 5160 5156  total 20 piece 3000 clear (Athar Master)",3000.00,0.00
49,2024-06-16,Expense,9000.00,"5042 5057 5080 5083 5070 5085 5057 5102 5113 5060 4991 5084 5069 5082 5081 5037  4882 5109 5112 5111 5078 5079 5077 5075 5087 5074 5056 5116 5108 5088 5076 5086 5066 5068 5110 5120 Shop Shop 5124 5115 5114 5117 5106 5123 5118 5122 5121 4911 5038 5132 5134 5125 5131 5128 5130 5127 5133 5016 Shop Shop TOTAL 60 PIES 9000 CLEAR (Athar Master)",9000.00,0.00
50,2024-06-10,Expense,7500.00,"5006 4900 4968 5049 Shop Shop 4925 5010 5027 5028 5013 5002 4996 4985 4987 4948 5014 5048 5039 5040 5044 5036 5037 5051 5038 5035 4877 repeat  4883 4941 4576 repeat  5055 5026 5072 5071 5053 4999 5009 5073 5011 5016 5063 5062 5061 5067 5050 5064 5058 5045 5046 5041 total 50 piece 7500 clear (Athar Master)",7500.00,0.00
51,2024-06-03,Expense,10500.00,"4992 4986 4979 4973 4977 4982 4982 4789 Shop Shop Shop Shop 498 4909 4898 4949 4978 4997 4993 5000 4910 2 pis 4972 4958 4995 4988 4904 4915 4917 4914 4971 4989 4905 4975 4939 4942 4943 4936 4907 4957 4962 4963 4960 4961 4947. 4974 5004 4976 4854 5018 5031 5030 5032 5033 5015 5001 5023 5025 5022 4980 5020 5021 4994 5003 4950 5034 5008 4951 4952 4955 total 70 piece  10500 clear (Athar Master)",10500.00,0.00
52,2024-05-28,Expense,9300.00,"4712 4595 4591 4705 4711 4703 4845 4881 4856 4852 4857 4861 4902 4924 4927 4908 4850 4848 4894 4870 4929 4928 4670 4719 4817 4885 4886 4903 4877 4887 4862 4864 4865 4882 4880. 4868 4869 487 4872 4873 4893 4935 4945 4946 4933 4884 4892 4897 4875 4896 4895 4901 4891 4890 4956 4916 4959 4954 4953 4966 4913 4906 total 62 piece 9300 clear (Athar Master)",9300.00,0.00
53,2024-05-21,Expense,9300.00,"4668 4768 4783 4784 4790 4777 4776 4774 4775 4782 4835 4798 4801 4803 4807 4799 4816 4811 4812 4863 4805 4806 4800 4802 4823 4825 4815 4814 4849 4829 4828 4820 4821 4822 4824 4791 4667 4665 4836 4840 4841 4838 4846 5847 4843 5837 4839 4833 4834 4831 4710 4888 4900 4878 4860 4859 4879 4874 4853 4851 4606  repeat total 62 piece 9300 (Athar Master)",9300.00,0.00
54,2024-05-13,Expense,12000.00,"4693 4708 4792 4761 4768 4697 4698 4689 4687 4686 4685 4669 4794 4793 4713 4694 4 695 4679 4717 4709 4702 4716 4747 4749 4696 4748 4677 4726 4758 4759 4786 4750 4743 4757 4746 4692 4818 4819 4808 4804 4809 4721 4725 4731 1729 4780 4756 4766 4737 4700 4779 4778 4813 4699 4826 4752 4755 4738 4751 4739 4741 4742 4744 4733 4735 4797 4832 4796 4810 4788 4760 4763 4827 4770 4769 4781 4773 4771 4830 4772 total 80 piec  12000 clear (Athar Master)",12000.00,0.00
55,2024-05-06,Expense,9000.00,"4601 4617 4599 4590 4591 4592 2 pis  4605 4675 4701 4636 4635 4637 4691 4639 4643 4644 4643 4728 4646 4722 4727 4730 4713 4704 4354 repeat  4489 4734 4732 4724 2 pis 4723 4649 4650 4653 4655 4656 4658 4657 4661 4630 4671 4676 4682 4595 4666 4664 4662 4672 4688 4663 4659 4740 4753 4752 4745 4511 repeat  4717 Shop total 60 piece 9000 clear (Athar Master)",9000.00,0.00
56,2024-04-29,Expense,13950.00,"4597 4596 4603 4602 4611 4609 4606 4604 4587 4588 4593 4589 4614 4594 9666 4619 4624 4621 4623 4625 4631 4633 4608 4562 4572 4573 4576 4571 4628 4556 4634 4487 4522 4544 4545 4546 4564 4565 4550 4552 4555 4554 4651 4543 4652 3537 4579 4226 4225 4629 4618 4607 4582 4583 4586 4585 4575 4581 4568 4558 4548 4613 4627 4577 4578 4486 Shop Shop Shop 4680 4641 4640 4660 4674 Shop 4615 4620 4638 4647 4678 4642 Shop 10 pis 4612 4598 93 piece 13950 clear (Athar Master)",13950.00,0.00
57,2024-04-20,Expense,10200.00,"9679 4510 4494 4499 4509 4505 4458 4497 4492 4308 4506 4171 repeat  4260 repeat  4493 4516 4514 4508 4496 4495 4531 1532 4511 9666 4472 4473 4483 4507 4484 4468 4449 4467 4479 4504 4503 4543 4526 4513 4474 4533 4540 4539 4519 4527 4560 4563 4485 4476 4512 4530 4528 4520 4523 4569 4566 4567 4559 4547 4553 4557 4541 4542 4538 4537 4536 4535 4529 4082 repeat  4574 ( 68pcs ) (Athar Master)",10200.00,0.00
58,2024-04-14,Expense,7500.00,"4427 4441 4430 4451 4447 4453 4452 4438 4443 4446 4450 4432 4433 4434 4442 4440 4445 4439 4448 4444 4454 4253 4456 4459 4465 4249 4660 3863 4401 4320 Shop 4463 4469 4461 4464 Shop 4272 repeat  4293 repeat  4234 4207 4458 4457 4345 4481 4470 4482 4480 4475 4462 4471 TOTAL 50 PIECE 7500 CLEAR (Athar Master)",7500.00,0.00
59,2024-04-03,Expense,7950.00,"4296 4237 4256 4334 4292 Shop 4416 4413 4414 4402 4278 4424 4417 4421 4422 4411 4410 4406 4403 4386 4407 4387 4368 4418 4399 4388 4370 4375 4376 4377 4412 4390 4429 4431 Shop 4385 4415 4400 4393 4381 4382 4383 4371 4423 4428 4420 4419 4409 4480 4425 4436 3414 4405 ( 53 pcs ) (Athar Master)",7950.00,0.00
60,2024-03-24,Expense,12300.00,"4206 4209 4196 4353 4224 4275 3988 4351 4290 4362 4256 4297 4294 4287 4265 4273 4274 4277 4260 4263 4261 4262 4245 4255 4251 4299 4236 4076 4372 4324 4295 4327 4289 4305 4307 4304 4302 4300 4378 4350 4060 4361 4364 4368 4358 4357 4367 4366 4354 4341 4342 4331 4347 4359 4379 4318 4317 4328 4365 4336 4102 4349 4257 4398 4384 4392 4395 4396 4380 4394 4337 4333 4301 4306 3997 4073, repeat 4329 4288 4340 4335 4352 total 82p 12300 clear (Athar Master)",12300.00,0.00
61,2024-03-18,Expense,8250.00,"[8:22 PM, 17/03/2024] Abbas Ali: 4310 9671 3837 repeat 9627 4208 4189 4173 4200 4250 4233 4182 4283 4166 4247 4183 4184 4186 3839 4212 4170 4205 4172 4165 4169 4168 4191 4077 4058 4280 4222 4293 4311 4315 4314 4313 4316 4284 4343 4326 3960 4226 4330 4325 4339 4225 4227 4241 4312 4321 4346 4344 4319 4276 4230 4017 [8:23 PM, 17/03/2024] Abbas Ali: 55 pis master 8250 clear (Athar Master)",8250.00,0.00
62,2024-03-12,Expense,13200.00,"[20:23, 12/03/2024] Abbas Ali: 4115 4153 5116 4094 4215 4143 4191 4213 4019 4146 4046 4202 4086 4088 4087 4082 4105 4098 4100 4099 3865 4156 4164 4162 4073 4038 4118 4120 4119 4133 4130 4144 4178 4177 4167 4181 4134 4135 4136 4128 4122 4160 4161 4159 4158 4240 4033 4084 4020 4073 4072 4074 4007 4013 4071 4068 4065 4062 4066 4063 4064 4187 4188 4114 4131 4176 3853 repeat 4027 4089 4139 4129 4126 4193 4022 4021 4070 4078 4083 4054 4048 4092 4103 4104 4223 4039 4157 4228 [20:23, 12/03/2024] Abbas Ali: Last 1707 22 no handwork jiski body sirf cutting huu h total 88 piece 13200 clear (Athar Master)",13200.00,0.00
63,2024-03-04,Expense,12750.00,"3879 3916 3926 3983 3927 3928 3894 3871 3925 3923 4108 3896 4051 3999 3977 3962 3957 3976 3922 3893 3895 4079 3775 repeat 4037 3912 3954 3942 3943 3963 3956 3958 3961 3911 3939 3941 3947 3931 3929 3930 4125 4121 3967 3971 4096 3994 3713 4026 3966 3992 3991 3986 3969 3970 4040 4053 4030 4035 3034 3975 4029 3979 3996 3997 4112 4005 4045 4041 4044 4043 4058 3998 4061 4036 4018 4140 4141 4042 4077 4001 4016 4002 4000 4004 4056 4109 total 85 piece  clear (Athar Master)",12750.00,0.00
64,2024-02-26,Expense,12000.00,"3850 3845 3934 3935 3937 3936 3932 3705 repeat 3857 3866 3858 3844 3886 4032 3887 3846 3853 3847 Shop 3838 3987 3921 3860 3872 4025 4017 4028 3571 3919 3920 3938 3950 3864 3859 3959 3754 repeat 3903 3799 3796 3874 3876 3875 3783 repeat  3870 3861 3835 3910 3862 3889 3965 3880 3902 3905 3946 3904 3898 3899 3897 3880 3837 3989 3888 4057 4050 3718 3909 3891 3949 3878 3908 3910 3867 3953 3978 3868 3900 3993 3985 3869 total 80 pies (Athar Master)",12000.00,0.00
65,2024-02-19,Expense,9000.00,"3797 3785 9831 3827 3802 3765 3763 Shop Shop 3944 3798 3755 3805 3804 3800 3820 3814 3815 3816 3792 3811 3810 3801 3822 3821 3819 3824 3924 3952 3933 Shop 3808 3809 3812 3817 3832 3836 3586 repeat 3701 repeat 3940 3913 3840 3873 3852 3848 3841 3823 3834 3883 3882 3915 3892 3842 3918 3843 3890 3775 3984 TOTAL 60 PIES 9000 CLEAR (Athar Master)",9000.00,0.00
66,2024-02-12,Expense,9750.00,"3697 3791 3761 3739 3752 3766 3767 3768 3771 3745 3730 3731 3722 3726 3721 3724 3705 3704 3757 3758 3703 3720 3719 3712 3709 3636 repeat 3632 repeat 3753 repeat 3833 9675 3772 3750 3707 3770 3764 3851 3826 9664 9663 9662 9661 3877 3658 3776 3777 3793 3790 3789 3788 3786 3784 3782 1707 repeat 3614 3881 3615 3735 3722 3738 3736 3740 3783 3754 Shop haider  65 PCS 9750 CLEAR (Athar Master)",9750.00,0.00
67,2024-02-09,Expense,4600.00,"pichla sab hisaab clear (Athar Master)",4600.00,0.00
68,2024-02-07,Expense,8000.00,"3744 3606 3573 3670 3669 3660 3641 3646 3577 3562 3582 3602 3610 3600 3605 3638 3727 3696 3717 3723 3584 3578 3633 3640 3609 3626 3460 3650 3671 3672 3662 3674 3225 repeat 3753 3742 3656 3780 3781 3652 3651 3685 3779 3655 3686 3680 3760 3664 3742 3774 3762 3734 3675 3684 3585 3663 3653 3756 3657 3663 Shop Shop 3813 9659 2 pis shop 3630 3682 3688 3787 3690 3691 3693 3698 3708 3711 3728 3701 3702 369 Shop Shop Shop Shop total 84 pies 12600- 8000 bal 4600 (Athar Master)",8000.00,0.00
69,2024-01-28,Expense,700.00,"7 READY MADE CUTTING (Athar Master)",700.00,0.00
70,2024-01-28,Expense,15000.00,"3512 3496 3548 3547 3503581 3571 3565 3564 3665 3595 354 3505 3508 3596 3559 3644 3645 3647 3639 3613 3617 3636 3635 3475 repeat 3683 3673 3676 3627 3511 3516 3522 3521 3607 3517 3608 3642 3611 3497 3621 3622 3623 3624 3625 3631 3632 3667 3635 3525 3531 3526 3700 3527 3678 3545 3687 3513 3677 3692 3540 3557 94 3597 3659 3515 3465 3586 3681 3666 3555 3579 3612 3552 3601 3599 3579 3619 3618 3575 3590 3587 3515 3465 3532 Shop Shop Shop 9641 9646 9647 9648 9642 9643 9644 9649 4 pis  9645 3543 3544 100PCS  15000 CLEAR (Athar Master)",15000.00,0.00
71,2024-01-20,Expense,10200.00,"3486 3575 3474 3450 Shop 3469 3464 3437 3537 3541 3527 3507 3468 3465 3451 3454 3570 Shop Shop 3382 3592 3591 3604 3478 3550 3534 3333 3471 3472 3482 3481 3476 3580 3629 3533 3549 3518 Shop Shop Shop 3414 3491 3492 3603 3528 3530 3485 3470 3589 3588 3473 3514 3477 3393 3509 3493 3583 3593 3488 3490 3489 3560 3551 3498 3643 3537 Shop Shop total 68 pies  10200 clear (Athar Master)",10200.00,0.00
72,2024-01-13,Expense,11700.00,",,3539 Shop 3392 3370 3523 3524 3520 3377 3510 Shop 3519 3376 3455 3383 3384 3389 3394 3375 3404 3391 3398 3403 3406 3452 3502 3422 3401 3387 3379 3395 3390 3442 3423 3542 1612 3416 3417 3479 3386 3413 3434 3430 3329Repeat  3234 1916 1838 3425 3426 3483 3501 3433 3432 3415 3407 2 pis Shop 3567 3572 3566 3568 3561 3445 3443 3449 3459 3484 3458 3463 3462 3475 3460 3342 3529 3532 3503 3536 3537 3538 total 78 pies 11700 clear (Athar Master)",11700.00,0.00
73,2024-01-06,Expense,13500.00,"3234 3312 3368 3339 3338 3341 3346 3352 3347 3335 3334 3325 3324 3320 3318 3315 3314 3436 3435 Shop 3420 3421 3419 3467 3431 3348 3402 Shop 3308 Shop 3311 3369 3343 3431 3353 3365 3487 9627 9620 9621 2 pis  9623 9626 9628 9630 3385 3323 3396 3349 3399 3340 3438 3367 3366 3296 3360 Shop 3378 3380 3345 3411 3446 3447 3412 3464 3359 3381 3408 3427 3354 3363 3355 3410 3405 3351 3350 3356 3388 3409 3424 3371 3495 3494 3444 3357 3466 3428 3362 3372 3397 total 90 pies (Athar Master)",13500.00,0.00
74,2024-01-04,Expense,1000.00,"advance (Athar Master)",1000.00,0.00
75,2023-12-17,Expense,21950.00,"15/7/23 3000 22/7/23 350 31/7/23 200 5/8/23 2500 12/8/23 3750 19/8/23 1950 26/8/23 1600 11/8/23 5400 16/9/23 3200 TOTAL  21950 PICHLA SAB MAHINE KA HISAAB CLEAR (Athar Master)",21950.00,0.00
76,2023-12-17,Expense,4900.00,"READY MADE CUTTING 49 PIES 4900 CLEAR (Athar Master)",4900.00,0.00
77,2023-12-17,Expense,18600.00,"2111 2102 3245 3241 2097 1730 1899 1898 1912 1911 2072 2077 3281 2068 2067 2070 2096 2098 2083 2071 2086 2064 2063 2066 2059 2058 2057 2080 2081 3274 3277 2075 2101 2107 2022 repeat 1920 3305 3278 3289 3285 3288 3269 3268 3267 3265 3264 3263 3261 3260 3273 3271 2074 2091 3258 3244 3262 2115 3306 3276 3257 3275 3293 3291 3307 1913 2111 repeat 3279 3290 1918 repeat 2078 2104 3237 2103 3259 3240 3270 2082 3238 2110 2114 2116 2109 2113 2112 2079 3287 3296 3280 3292 3297 3304 3303 3302 3286 3301 3254 3298 3282 3283 3284 3253 9616 3319 3313 331 3310 3308 3320 3310 3316 9619 2 pis 9629 9622 9632 9624 9625 9618 3321 3332 3328 9617 3336 3337 TOTAL 124 PIES 18600 CLEAR (Athar Master)",18600.00,0.00
78,2023-12-12,Expense,14100.00,"1784 1974 2054 2036 2040 2010 2037 1976 1975 1977 1980 1981 1973 1972 1985 1986 1982 1970 1969 1967 1968 2090 1991 1990 1919 1951 1994 1992 1993 2003 2005 2006 2105 2008 2000 2016 2017 2012 2014 2023 2024 2020 2047 2044 2048 2061 206 2076 2087 2089 2056 2039 2095 2062 2030 2073 2084 2029 2052 2051 2088 2 pis  2092 2093 2055 2019 2018 2065 2028 2027 2026 1993 2 pis  1987 1949 1918 1936 2099 2108 3235 1724 2007 1774 3239 2042 2046 2041 3243 3242 2085 2106 2050 2095 TOTAL 94 PIES TOTAL 14100 CLEAR (Athar Master)",14100.00,0.00
79,2023-12-02,Expense,12250.00,"1983 1815 1979 1903 1915 1893 1894 1895 1897 1890 1906 1907 1900 1889 1933 1891 1954 1850 1978 2032 Shop Shop 1966 1932 1984 1971 1923 1941 1943 1944 1945 1946 1927 1916 1917 1928 1929 1934 2021 2001 1997 1825 2004 2015 1950 1962 1999 2022 2025 1930 1937 1940 1938 1751 1750 1964 1958 1963 1956 1957 1953 1955 1948 1947 2033 2034 2002 1961 Shop 1931 1935 2035 1887 1059  1902 1896 7 pies shop ready made total 12250 clear (Athar Master)",12250.00,0.00
80,2023-11-27,Expense,13900.00,"1835 1836 1837 1838 1775 repeat 1922 2 pis 1921 1924 1849 1854 1853 1886 1880 1892 1878 1905 1901 1909 1910 1879 Shop Shop Shop Shop 1655 1816 1876 1919 1846 1867 1851 1869 1873 1874 1875 1877 1881 1882 1883 1884 1885 1871 1888 1852 1855 1868 1856 1845 1844 1848 1942 1952 1960 1965 1817 Ek frill Bhai ask 52 pies ready made 100 total 13900 clear (Athar Master)",13900.00,0.00
81,2023-11-21,Expense,9750.00,"1776 1827 1799 1763 1775 1762 1761 1753 1746 1782 1773 1550 repeat 1716 1784 1804 1805 1768 1834 1789 1798 1797 1826 1781 1786 1787 1795 1793 1794 1738 repeat 1640 repeat 1857 1809 1810 1807 1806 1808 1554 1802 1803 1801 1800 1812 1872 1830 1858 1847 1840 1829 1843 1841 1842 1839 1828 1824 1823 1822 1821 1820 1819 1834 Shop Shop Shop 1818 1833 total 65 pies 9750 clear (Athar Master)",9750.00,0.00
82,2023-11-13,Expense,14250.00,"1662 1675 1682 1668 1654 1688 1725 1727 1718 1707 1700 1684 1687 1686 1676 1760 1429 repeat 1765 1677 1732 1678 1673 1674 1664 1440 repeat 1353 repeat 1754 1771 1652 1704 1752 1699 1689 1695 1720 1749 1698 1770 1742 1794 1759 1764 1701 1744 1705 1738 1729 1741 1619 1767 1616 1612 1613 1617 1612 2 pis  1613 1617 1495 1530 9608 9609 9610 9611 9612 9607 1621 1785 1612 1715 1486 1144 repeat 1743 1714 1719 1774 1700 1712 1713 1717 1726 1755 1708 1747 1722 1709 1710 1711 1766 9654 1740 1745 Shop Shop 1792 1748 1731 total 95 pies 14250 clear (Athar Master)",14250.00,0.00
83,2023-11-07,Expense,12650.00,"1620 1506 1534 repeat 1622 1504 1560 1570 1569 1390 9651 1602 1537 1559 1644 1645 1639 1641 1618 1658 1605 1606 1573 1564 1572 1577 1663 1648 1661 1609 1614 1610 1580 1596 1592 1656 1626 1629 1625 1653 1608 1615 1640 1679 Shop 1635Repeat samad stone color change ho Gaya galti se 1690 1703 1692 1557 1561 1343 repeat 1344 repeat 1342 1680 1638 1657 Shop Shop Shop Shop Shop Shop 1599 repeat 1651 1660 9602 9604 1706 1475 1659 1650 1637 9605 1683 1636 1646 1666 1670 1665 1669 1662 8pies shop total 89 pies 12650 clear (Athar Master)",12650.00,0.00
84,2023-10-29,Expense,15000.00,"1228 1538 1567 1571 9511 1473 1475 1467 1478 1488 1536 1542 1574 1398 1468 Shop 5 pintex  1583 1593 Shop alamin 1472 1584 1594 1466 1464 1544 1482 1510 1479 1494 1535 1511 1591 1491 1551 1517 1518 1532 1541 1531 1520 1509 1514 1500 1513 2 pis 1515 1588 1576 1543 1501 1502 1524 1519 1493 1622 1552 1571 1585 1558 1368 1575 1604 1578 1527 1549 1566 1586 1587 1624 1598 1635 1597 1595 1631 1628 1495 1496 1546 1590 1599 1601 1603 1600 1548 2 pis 1521 1533 1555 1563 1569 1547 1581 1562 1550 1620 1630 1553 1667 1623 1565 total 100 pice 15000 clear (Athar Master)",15000.00,0.00
85,2023-10-23,Expense,15000.00,"1455 Shop  Shop Shop Shop Shop Shop Shop 1456 1458  1490 1470 1489 1492 1487 1393 1413 1414 1454 1481 1401 1403 1429 1428 1418 1415 1404 1476 1483 1291 1258 1385 1388 1469 1474 1499 1498 1485 1496 1463 1459 1477 1516 1457 1441 1387 1396 repeat  1359 repeat  1412 1449 1410 1534 1419 1408 1404 1523 1430 1439 1438 1391 1525 1400 1420 1421 1424 Shop Shop Shop Shop Shop 1366 1433 1460 1484 1480 1532 1540 1434 1431 1526 1556 1512 1508 1446 1452 1448 1505 1471 1461 1462 1497 1444 1442 1443 1436 1529 1451 Shop Shop 4pies satin sahop total 100 pies 15000 clear (Athar Master)",15000.00,0.00
86,2023-10-17,Expense,9400.00,"PICHLA HAFTA  96 PIES BAL 9400 CLEAR (Athar Master)",9400.00,0.00
87,2023-10-15,Expense,5000.00,"1309 1340 1318 1349 1350 1351 1355 1325 1361 1382 1324 1313 1358 1321 1307 1307 1320 1343 1344 1345 1342 1306 1311 1176 repeat 1315 1316 1326 1339 1314 1378 1310 1411 1397 1407 1375 1416 1384 1405 1425 1426 1394 1338 1346 1341 1347 1348 1336 1331 1334 1333 1332 1367 1376 1374 1369 1370 1371 1372 7364 1365 1362 1353 1352 1363 1335 1396 1422 1445 1406 1399 1356 1322 1327 1354 1377 1453 1437 1440 1447 1392 1383 1386 1423 1427 1381 1379 1395 1402 1389 1435 1450 1340 repeat 1351 repeat 1380 1465 2 pis total 96 pies total 14400 -5000 bal 9400 (Athar Master)",5000.00,0.00
88,2023-10-08,Expense,12000.00,"1081 repeat  9539 1275 1276 1273 1291 1284 1272 9541 1312 1235 1245 1241 9549 1145 9547 9543 9540 9548 1283 1259 1287 1257 1249 1244 1263 1262 1290 9550 1254 1247 1246 1242 1251 1152 repeat Shop Shop 1308 1295 1292 1268 1323 1265 1267 1270 1271 1300 1269 1213 repeat  Shop 1115 1297 1278 1266 1279 1359 1360 1357 1274 1301 1317 1285 1298 1280 1299 1293 1219 1296 1294 1303 1329 1302 1328 1337 1330 1277 1282 1281 1289 1288 total 80 pies 12000 clear (Athar Master)",12000.00,0.00
89,2023-10-01,Expense,10500.00,"969 repeat 1184 1178 1174 1173 1172 1214 1218 1220 1219 1211 1207 1180 1179 1176 1175 1182 9498 repeat 1132 1217 1131 1187 1194 1232 1183 1190 1188 1186 1185 1140 1196 1195 1202 1155 1197 1191 1153 1208 9544 1103 repeat 1206 1209 1205 1237 1210 1213 1212 1256 1215 1201 1203 1199 1216 1224 1223 1229 1230 1221 1252 1243 1261 1222 1248 9541 1227 1228 1240 9545 1238 1239 total 70pcs (Athar Master)",10500.00,0.00
90,2023-09-27,Expense,4750.00,"paid old payment (Athar Master)",4750.00,0.00
91,2023-09-23,Expense,5000.00,"1112 1098 1094 1109 Shop 1136 1138 1134 1137 1124 1121 1122 1123 1161 1126 1125 1146 1163 9509 1139 1143 1141 1144 1119 1120 1160 1162 1151 1152 9527 1149 1148 1116 1154 1159 1157 1158 1150 1147 1142 1171 1169 1170 1156 1128 1167 1168 1177 1165 1166 1099 1193 9532 2pis 9533 9534 944 1101 1226 1118 1103 9538 9536 9535 9537 65 pcs  ( paid 27 sep ) (Athar Master)",5000.00,0.00
92,2023-09-23,Expense,5000.00,"kharchi 65pies (Athar Master)",5000.00,0.00
93,2023-09-16,Expense,7000.00,"Ab1068 Ab1057 9499 Ab1033 repeat Shop 9514 9515 9512 9513 9520 9517 Ab1088 Ab1085 9510 Ab998 repeat 9519 2 pis 9508 Ab1077 Ab1078 Ab1072 Ab1073 Ab1071 Ab1069 Ab1076 Ab1100 Ab1080 Ab1079 Ab1074 Ab1090 Ab1093 9521 2pis 9518 2 pis 9524 2 pis 9522 9523 Ab1019 Ab1070 Ab1105 Ab1083 Ab1081 Ab1086 Ab1087 Ab1089 Ab1091 Ab1082 Ab1084 Ab1096 Ab1101 9375 Ab1106 Ab1020 repeat Ab969 repeat Ab1114 Ab1113 Ab1117 Ab1097 Ab1104 Ab1102 Ab1127 Ab1111 Ab1108 9526 9525 Ab1115 68pcs (bal 3200) (Athar Master)",7000.00,0.00
94,2023-09-11,Expense,6000.00,"Ab1004 Ab1005 Ab1003 Ab1026 9478 9479 9483 9484 Ab1019 Ab1002 Ab1014 Ab1016 9494 9428 repeat  Ab1033 Ab1034 Ab1035 Ab1036 Ab1022 Ab1028 9448 9488 Ab1008 9496 Ab1047 Ab1021 Ab1037 9481 Ab1025 9443 d Ab1055 Ab1059 Ab1051 Ab1042 Ab1053 Ab1043 Ab1044 Ab1040 Ab1052 Ab1061 9489 9492 9490 9491 Ab1054 Ab1041 Ab1046 Ab1062 Ab1050 Ab1048 9493 9502 9509 Ab1038 Ab1039 Ab1023 Ab1011 Ab1060 Ab1063 Ab989 repeat Ab1064 9341 repeat Shop Shop Shop Shop Shop 9306 9498 9505 9497 Ab1029 Ab1067 Ab1058 Ab1066 Shop 76pcs (bal 5400) (Athar Master)",6000.00,0.00
95,2023-09-02,Expense,9900.00,"9451 9419 repeat 9420 repeat Ab985 Ab986 Ab981 Ab982 Ab984 9448 9452 9449 9443 9444 2 pis 9445 Ab994 Ab995 Ab1001 Ab997 Ab1000 Ab1006 Ab1007 9461 9471 9454 9455 9456 9464 94463 9462 2 pis 9458 9457 9474 9475 9473 9476 9477 Ab1013 Ab1009 Ab1012 Ab1010 Ab992 Ab993 Ab999 Ab998 Ab991 9476 9477 9473 9447 repeat 9480 Ab1020 Ab1017 Ab1015 Ab1018 9465 9466 9468 9469 9467 9470 Ab1031 Ab1030 9482 Ab983. 66pcs (Athar Master)",9900.00,0.00
96,2023-08-26,Expense,5000.00,"(Athar Master) Ab977 Ab974 Ab973 Ab928 9428 9427 9426 9425 9424 9435 9429 9430 9431 9432 9434 Ab970 Ab979 Ab978 Ab969 Ab975 Ab976 Ab968 Ab972 Ab958 Ab966 9436 9433 Shop Shop Shop Shop Shop Shop Shop Ab990 Ab949 repeat 9437 9439 9440 9441 9447 Ab989 7453 9438   total 44pcs  ( bal 1600 )",5000.00,0.00
97,2023-08-19,Expense,4500.00,"Ab955 Ab938 9385 repeat 9401 Ab954 Shop Ab952 Ab951 Ab953 9373 9398 9397 9399 9405 9412 9406 9407 9402 9400 9708 9394 9404 9411 9413 9410 9409 Ab960 Ab950 Ab957 9416 2pis 9419 9422 9420 9415 9414 9417 9423 Ab963 Ab965 Ab962 Ab961 Ab964. 43pcs ( bal 1950 ) (Athar Master)",4500.00,0.00
98,2023-08-12,Expense,6000.00,"9345 9349 9347 Ab926 Shop Shop 9359 9350 9351 9366 Ab926 Ab927 Ab934 Ab931 Ab932 9363 9368 9362 9360 9354 9358 9353 9306 repeat Ab937 Ab939 9385 9369 Ab929 9365 9364 9370 Ab912 Ab936 Ab935 Ab933 Ab940 9380 Shop 9372 Shop 9371 9376 9374 Shop 9384 9379 Ab941 9388 Ab942 9383 9389 9390 9392 9387 9391 9381 9382 Ab943 Ab945 Ab944 9386 Ab946 Ab947 Ab947 Ab949. Total 65 pcs ( bal 3750 ) (Athar Master)",6000.00,0.00
99,2023-08-05,Expense,5000.00,"Ab920 9320 9321 9324 9326 9309 repeat 9342 9323 9325 9328 9329 9330 9331 9327 Embroidery pis shop 12 9320 repeat Ab924 Shop handwork  9339 9343 9346 9352 Ab917 Ab916 Ab921 Ab922 Ab923 Shop Abaya  9333 9332 9341 9337 9336 9335 9356 9334 Ab928 9344 9367   50pcs  ( 2500 bal) (Athar Master)",5000.00,0.00
100,2023-07-31,Expense,4000.00,"9316 Shop Shop Shop shop  Shop Shop Shop 9319 Ab913 9318 Ab915 Shop Shop Shop Shop Shop shop Shop Shop Shop Shop Shop Shop Shop Shop Shop Shop   28pcs (200 bal)",4000.00,0.00
101,2023-07-22,Expense,2500.00,"9299 9305 Ab910 9307 9311 9309 9308 Ab909 Ab908 Ab907 Ab911 9313 9314 9310 Shop Shop Shop Shop Shop 19pcs (Bal 350) (Athar Master)",2500.00,0.00
102,2023-07-15,Expense,6000.00,"9263 9261 9259 9254 9285 9286 9283 2 pis 9271 9267 9264 9266 9282 9276 9275 9273 9270 9268 9274 Ab888 Ab882 Ab891 9269 9281 9284 9214 repeat 9294 9293 Ab867 9221 repeat Ab898 9287 9290 9289 9291 9295 9296 Ab896 Ab895 Ab894 Ab900 9249 9298 Ab899 Ab892 Ab893 Ab903 2pis Ab901 Ab902 Ab904 Ab905 9214 repeat 9301 9302 9304 9303 9306 9297 Shop high neak total 60pcs  ( 40pcs ka paisa 6k) bal 3000 (Athar Master)",6000.00,0.00
103,2023-06-23,Expense,9000.00,"9230 reapt  Ab864 Ab863 9236 9235 9234 9239 9205 9237 9238 Ab866 Ab865 Ab832 reapt  9240 Ab871 Ab868 Ab870 Ab869 Shop 9055 9056 9057 9058 9241 9053 9054 Shop Shop Shop Ab878 Ab877 Ab876 Ab875 Ab874 9243 9242 9245 9246 9247 Ab879 Ab880 Ab829 9250 9248 9253 9252 9251 2 pis 9163 rpt 9142 reapt Ab881 9063 2 pis  9061 9060 9059 9062 Shop 9256 9255 60PCS (Athar Master)",9000.00,0.00
104,2023-06-17,Expense,10200.00,"Ab839 Ab840 Ab838 9195 9196 2 pis 9199 9188 9200 9192 2 pis 9193 9162 Ab841 9189 9198 9197 9207 9206 9204 9194 9203 9202 9201 9187 9190 Ab843 Ab842 9082 repeat  sharukh Bhai ulter gala kuch aur tha bana diya aur kuch  9211 9209 9214 9213 9212 9210 Shop  shop Ab846 Ab788 Ab845 9217 9215 9219 9223 9220 9221 9222 Ab847 Ab851 Ab848 Shop 9224 9225 9226 Shop Ab854 Ab855 Ab852 9228 9229 9230 Ab857 Ab856 An860 Ab861 9233 9232 9231 68 pcs (Athar Master)",10200.00,0.00
105,2023-06-10,Expense,10650.00,"Ab828 Ab827 Ab801 Ab795 Ab800 Ab803 Ab803 Ab793 Ab794 Ab791 9132 9134 9140 9142 9143 2 pis  9146 Ab807 Ab 808 Ab809 Ab806 9147 9145 9148 9149 Ab825 Ab824 Ab826 Ab830 Ab832 9167 9151 9170 9169 9165 9160 9159 9158 9157 9156 9155 9154 9153 9152 9166 9163 9164 9161 Ab834 Ab833 Ab831 9087 9177 9175 9173 9172 9171 9178 9179 Ab837 Ab836 Ab835 9185 9186 9181 9183 9184 9182 9180 Shop Shop Shop. 71pcs (Athar Master)",10650.00,0.00
106,2023-06-05,Expense,15000.00,"9070 9071 9069 9068 9859 Ab777 Ab779076 9114 Ab789 Ab821 9110 100pcs 6 Ab779 Ab798 Ab797 Ab796 9112 Shop Shop 9011 repeat  Shop Ab778 9086 9088 9087 9091 9090 9096 9089 9099 9073 9081 9078 2 pis 9084 9085 9080 9082 Ab783 Ab779 Ab780 9113 9124 9072 9075 9108 Ab804 Ab805 Ab785 Ab781 Ab786 9101 9100 9107 9094 9098 9092 9095 9120 9097 9093 Ab819 Ab 820 2 pis  9138 Ab816 Ab817 Ab818 Ab815 Ab813 Ab814 Ab811 Ab812 9136 9103 9102 9141 9130 9129 Ab787 Ab788 9128 9127 9125 9122 9139 9118 9116 9105 9104 9109 9119 Ab790 Ab810 9126 9121 9133 9115 9123 9135 (Athar Master)",15000.00,0.00
107,2023-05-27,Expense,8100.00,"9074 9025 9040 Ab749 9022 9023 9024 8976 repeat 9039 9027 9036 9038 9055 9056 Ab766 9031 Ab765 Ab747 Shop Shop Shop Shop Shop 9079 9083 9028 9050 9047 9042 9067 Ab767 9057 9044 9043 9077 9064 Ab771 Ab758 Ab750 8900 8910 9052 9051 9058 9062 9066 9053 9061 9060 9065 9063 Ab775 Ab774  shop 54pce (Athar Master)",8100.00,0.00
108,2023-05-21,Expense,14400.00,"8941 8923 8885 8886 8918 8982 8983 8939 9854 8960 8962 8967 Ab730 Ab725 8999 9020 8970 8966 8944 8945 8953 8954 8950 8936 8958 8917 2pis Ab724 Ab759 Ab757 9016 8916 8973 8972 8986 8974 9032 Ab773 Ab772 8984 9002 8990 8988 8987 8985 8964 8976 8989 8961 Ab741 Ab742 Ab756 Ab736 Ab738 Ab737 8949 8955 8939 repeat  8776 repeat  8977 8978 8979 8980 8991 8992 9003 9037 9041 9021 8889 Ab754 9002 repeat  8998 8997 9004 8993 9000 Ab762 9012 9018 Ab769 9006 9001 9009 9017 9030 9049 9019 2pis 9045 9048 9013 9011 Ab755 Ab763 Ab764 96pce (Athar Master)",14400.00,0.00
109,2023-05-14,Expense,10400.00,"8948 8825 8932 8826 8854 8840 8836 8842 Ab743 Ab745 Ab739 8846 Shop Shop Shop Ab733 Shop Shop Shop 8857 8863 8957 3 pis 8895 8893 8915 Ab720 8850 8853 8852 8864 8896 8902 8956 8969 8903 8845 8869 8871 8882 8934 8947 8808 8905 8938 8920 8856 8981 8965 8897 8890 8888 8959 2 pis 8912 9035 8911 8943 8909 8919 Ab727 Ab728 8900 8900 8901. 66pce  / 10pce readymade Abaya (Athar Master)",10400.00,0.00
110,2023-05-06,Expense,13500.00,"(Athar Master) 8892 8880 8875 8874 8755 8868 8851 8887 8859 8899 8794 8894 8831 8764 8762 8756 8927 8884 8914 8929 8928 8843 8820 8819 8784 8818 8926 Ab707 Shop Shop roz 8763 8844 8832 8925 Shop 10 pintex  Shop  Shop Shop  Shop Shop Shop Shop Shop Shop Shop Shop Shop Shop 8355 Ab 729 Shop 8946 8935 8951 8833 8775 8787 8773 8798 Ab689 Shop 8933 8858 8883 8835 8891 8922 8877 8879 8799 8805 8734 8801 8802 8867 8861 8860 8804 Shop Shop 8801 8834 8872 8865 8866 8809 8806 8906 8907 Ab734 90pce",13500.00,0.00
111,2023-04-29,Expense,6300.00,"8777 8841 8822 8849 8848 8828 8847 8829 8830 8824 8740 repeat  8807 8800 8862 8783 8827 8839 8771 8760 8748 8749 8751 8742 Ab716 8847 samne stone nhi tha stone lag gya 8848samne stone nhi tha stone lag gya 8823 Ab706 8791 Shop 8757 8810 8759 8772 8787 8797 8795 8794 8788 Shop rose design  Shop rose design  Shop rose design   42pce (Athar Master)",6300.00,0.00
112,2023-04-22,Expense,1500.00,"Eidi (Athar Master)",1500.00,0.00
113,2023-04-22,Expense,1350.00,"27pce readymade (Athar Master)",1350.00,0.00
114,2023-04-22,Expense,5250.00,"Ab660 repeat pis  Ab690 Ab701 Ab683 Ab684 Ab699 Ab717 Ab703 8641 8694 8740 8816 8758 8725 Ab673 reapt pis Ab547 repeat pis 8668 repeat 8739 8638 Shop Shop Shop 8767 8817 8811 8731 8813 8776 8769 Ab697 Ab694 Ab715 Sb705 8732 34pce (Athar Master)",5250.00,0.00
115,2023-04-17,Expense,12750.00,"10tarik April   8695 8654 8680 8691 8570 r firdous kapdhe me tha nida me kat gya  Ab669 Ab665 Ab670 8594 repeat big gya tha to return me kata shayd  8548 repeat stone ulter   11 Tarik April  8675 8685 8661 8660 8673 8672 8671 8670 8668 8667 8722 Ab634 Ab676 Ab682 Ab681 Ab547 repeat pis 8692  12 Tarik April   Ab672 Ab686 Ab678 8696 8689 8687 8688 8746 8683 8684 8705 8627 Ab700 Ab675 8770 8730 8702 repeat costomer ko tit ho rha tha   13 tarik April   Ab674 Ab693 Ab 691 Ab 687 8727 8765 8713 8712 8711 8707 8701 8733 8785 8786 8761 8704 8718 8745 8779 8747  14 tarik April   Ab704  15 Tarik April   Ab638 8753 8738 8743 8792 8766 repeat 8744  16tarik April   8778 8723 8796 8735 8724 2pis 8790 8726 Ab710  8812 Ab712 Ab687 repeat  Ab713",12750.00,0.00
116,2023-04-09,Expense,15000.00,"8561 Ab635 Ab636 8710 8592 8591 8612 8583 8587 8585 8588 8594 8589 8605 8676 8614 8593 8606 8607 8600 8601 8595 8597 8598 8599 8191 8508 r 8734 8608 8609 8610 8604 8708 8715 8716 8717 8615 Ab651 8709 8624 8628 8699 8572r 8258r 8690 8621 8620 8619 2pis 8617 8702 8663 8720 Ab671 Ab648 Ab647 Ab673 8570r 8639 8638 8637 8642 8633 8625 8626 8655 8719 8629 8634 8632 Ab431 Ab653 Ab655 Ab656 8625 8662 8636 8657 8656 8645 8644 8571 r 8533r 8682 8678 8677 8669 Ab677 Ab650 8693 8681 8649 8646 8686 8706 8700 8649 8651 8652 8650 8647 (Athar Master)",15000.00,0.00
117,2023-04-02,Expense,11400.00,"8559 8566 8569 8541 8576 8568 8618 Ab629 8572 8571 8570 8567 8555 8582 Ab654 Ab652 Ab659 8563 Shop Shop 8528 Ab667 Ab603 Ab611 Ab615 Ab627 Ab640 Ab619 Ab605 Ab614 Ab617 8508 8623 8584 8578 8560 8631 8643 8616 8674 8635 8664 Ab629 Ab666 Ab663 Ab664 Ab652 8658 8517 8519 Ab597 Ab662 Ab663 Ab657 Ab660 Ab602 8467 repeat pis master cutting ulter do pis Kate the pichle hafte to usme se ek pis galat tha to wahi kaate ek pis  Ab641 8648 8653 8534 8526 8520 8522 8524 8537 8421 8533 8532 8530 8539 8538 8536 8535 8521 8523 total 76 (Athar Master)",11400.00,0.00
118,2023-03-30,Expense,9500.00,"50 peechle hafte ka // 8565  8511  8504  8500  3516  8516  8543  8551  8553  8501  8507 8512  8580  8554  8513 A13 623 8542 8476 2pis 8470 8464 8420 8474 8485 8484 8475 8444 8557 8465 8451 Shop 8482 8481 8493 8494 8514 8613 8611 8550 8551 8552 Ab632 Ab604 Ab606 Ab607 Ab608 Ab637 Ab638 Ab644 Ab628 8666 8590 8630 8640 Ab643 Ab612 8492 8477 8478 Ab631 8575 8525 8531  Total 63 pcs (Athar Master)",9500.00,0.00
119,2023-03-18,Expense,10650.00,"8435  8436 8437 Ab633 Ab633 Ab639 Ab589 Ab568 Ab588 Ab587 8479 8480 8473 Ab618 Ab 578 8461 8438 8434 8490 Ab587 Ab579 8434 Ab621 Ab630 8489 8495 8556 8454 8498 8564 8467 8472 8562 8439 8509 Ab599 Ab625 8450 8453 8448 8546 8547 8443 8442 8487 Ab594 8548 8549 8586 8463 8460. 2pis  8558 8459 Ab581 Ab582 Ab585 Ab600 Ab626 8483 8471 8466 8474 8455 8447 8596 8497 Ab613 8446 8449 8510 8544 (Athar Master)",10650.00,0.00
120,2023-02-18,Income,9600.00,"8376  8375  8383  8382  8380  8381  8389  8387.  8391  8392  8221  8302  Ab557  8263  8383  8385  8373  8374  8404  8404  8395  8410  8405  8396  Ab567  Ab566  8393  8413  8408  8402  Ab545  8409  Ab568  Ab571  8394  8398  8399  8406  8407  8411  8412  8400  8414  8415  8417  8418  8419  8420  8416  8421  Ab574  Ab517  Ab553  8425  8426  8427  8428  8422  Ab570  Ab572  Ab575  Ab576  Ab121  8431  8432  8433",0.00,9600.00
121,2023-02-11,Expense,8700.00,"8326  8324  8327  Ab546  Ab548  Ab549  Ab560  8194 r  8199 r  8365  8335  8346  8347  8348  8349  8350  8339  8343  8344  8345  8341  8342  8351  8336  8337  8338  Ab492  Ab552  Ab563  Ab565  8360  8361  8369  8359  8367  8362  8368  8372  8371  8366  8370  8357  8356  8355  8354  8352  8358  8353  8363  8364  8390  8384  8386  8388  8377  8379  8378 8340 (Athar Master)",8700.00,0.00
122,2023-02-04,Expense,9600.00,"8288  8290  Ab 350 (r)  Ab435 (r)  Ab526  Shop  Shop  8083  Ab528  Ab527  Ab531  Ab535  Ab534  Ab541  Ab538  Ab540  Ab532  Ab529  8289  8310  8301  8293  8229  8314  8315  8318  8313  8039 (r)  Ab542  8305  8304  8306  8312  8298  8291  8303  8308  8292  8299  8300  8297  8320  8321  8316  8317  8322  8323  8325  8311  Ab551  Ab547  Ab559  Ab550  Ab561  8328  8329  8330  8332  8333  8334  8331  8309  Ab488 (r)  Ek gray nida pis costomer (r) total 64 (Athar Master)",9600.00,0.00
123,2023-01-28,Expense,10650.00,"8245  8244  8256  8264  Ab515  8236  8239  Ab410 r  8044r  8238  8241  8237  8242  8252  8253  8254  8255  8257  8258  8259  8260  Ab 510  Ab 509  Ab514  Ab444r  8237  8247  8248  8249  8250  8251  8246  8261  8262  8263  8265  8266  Ab513  7594r  8159r  8278  8276  8268  8267  Ab523  Ab524  Ab525  8280  8281  Ab494  8271  8272  8273  8274  8275 2 pis  8279  Ab519  8282  8283  8269  8270  Ab518  Ab516  Ab521  Ab436r  Ab533  8285  8286  8287  Ab499 (Athar Master)",10650.00,0.00
124,2023-01-23,Expense,6400.00,"[21:41, 23/01/2023] Shamim: Ab 485  Ab426  8212  8201  8204  8203  8208  8206  8218  8110  8219  8207  8216  8215  8214  8213  Ab401  8222  8221  8044  8227  8225  8226  Ab497  Ab495  Ab491  Ab490  Ab 499  Ab 498  Ab 496  Ab501  Ab 493  Ab488  Ab487  Ab486  Ab503  Ab504  Ab 502  8233  8229  8231  8243  Shop  Shop  Shop  Shop  Shop  8240  8165  8228  8234  8230  Ab 505  Shop [21:41, 8223  8044 (r)  Shop (Athar Master)",6400.00,0.00
125,2023-01-21,Expense,2000.00,"kharchi (Athar Master)",2000.00,0.00
126,2023-01-16,Expense,8550.00,"Ab 463  Ab454  8174  8173  8172  8172  Shop  10 tarik 2022  8170  8176  8166  8164  8163  8162  Ab467  8186 11 tarik 2022 8165  ,8168  8179  8178  8175  8177  8180  8182  8183  Ab466  12 tarik 2023  Ab469  Ab464  Ab465  Ab468  8188  8181  8187  8185  8195 2 pis   8194  8198  8190  8197  Ab476  8193  13 tarik 2023  8192  Ab474  Ab479  8199  8200  Ab477  Ab478  8202  Ab475  Ab473  8096 (r)  Ab481  Ab483  Ab 484  Ab 472  Ab 427 (Athar Master)",8550.00,0.00
127,2023-01-14,Expense,4000.00," (Athar Master)",4000.00,0.00
128,2023-01-07,Expense,9750.00,"8149 (r)  8114   8115  8116  8112  8111  8109  8135  8136  Shop  8132  8133  Shop  Shop  8146  8150  8038  8139  8140  8141  8148  8144  8147  Ab431  Ab 384  Ab423  Ab447  8119  8148  Ab435  Ab436  Ab443  Ab441  8161  8151  Shop= sk  Shop= Haider bhai  8155  8153  8154  Ab386  8157  8158  8159  8160  8151  Ab444  Ab439  Ab442  Ab455  8145  8118  Ab452  Ab401 (r)  Ab453  Ab456  Ab461  Ab457  Ab450  Ab458  Ab459  Shop, Haider   Ab440  Ab437 8125 (Athar Master)",9750.00,0.00
129,2022-12-31,Expense,9600.00,"8117 8121 8096 Ab411 Ab410 Ab421 Ab401 Ab404 Ab403 8103 8086 8085 Ab413 8093 8075 8076 8077 8078 8079 8080 8081 8097 8095 8110 Ab388 Ab382 Ab383 Ab422 Ab418 Ab419 8124 Shop Ab394 8127 8129 8128 8123 8100 Ab397 Ab399 Shop Ab420 8126 8104 8105 8106 8101 Ab398 Ab415 Ab414 Ab385 Ab409 Ab416 Ab424 Shop 8107 Ab430 Shop 8130 8131 8131 8113 8137 8108 (Athar Master)",9600.00,0.00
130,2022-12-25,Expense,3000.00,"Ab370 7967 Ab367 Ab328 Ab338 8050 Ab351 8034 8002 8010 8046 Shop (Athar Master)",3000.00,0.00
131,2022-12-17,Expense,9450.00," (Athar Master)",9450.00,0.00
132,2022-12-11,Expense,7800.00,"7934 7952 Ab222 7976 Ab326 7984 7980 7982 7988 7977 Ab304 Ab322 7977 7987 2pic 7971 7978 7983 7986 7981 8000 Ab313 7992 Ab331 7990 Ab338 Ab276 7960 7998 7981 Ab329 7997 7996 Ab269 7463 Ab330 7994 7999 7991 7993 7989 Ab346 Ab345 Ab343 8001 8002 7915 7699 Ab331 8021 8019 7858 (Athar Master)",7800.00,0.00
133,2022-12-03,Expense,8250.00,"7946+2 7940 7944 7941 7945 SHOP1 7666 7950 7959 7956 7948  7954 7952 7947 7949 7961 SHOP37937 7955 7953 7951 AB301 7957 SHOP2 7963 7964 7967 7962 7965 7966 7975 7968 7973 AB292 7969 7974 AB310 AB304 SHOP1 7985 AB234 AB307 AB305 AB323 AB303 AB315 AB317 AB309 AB320 AB300 AB312 (Athar Master)",8250.00,0.00
134,2022-11-26,Expense,9300.00," (Athar Master)",9300.00,0.00
135,2022-11-21,Expense,9000.00,"19/11/2022 (Athar Master)",9000.00,0.00
136,2022-11-05,Expense,6750.00," (Athar Master)",6750.00,0.00
